id,name,surname,email
1,Shelby,Lewis,chelsea58@example.net
2,Ashley,Wilkins,oreed@example.com
3,Alison,Lopez,zmiller@example.org
4,Marie,Wilson,peter42@example.com
5,Heather,Martinez,wwilson@example.com
6,Kathryn,Nunez,luis78@example.net
7,Gregory,Smith,elizabeth16@example.com
8,Larry,Quinn,natashachen@example.org
9,Edward,Smith,alexandra65@example.net
10,Mary,Villarreal,iwilliams@example.net
11,Kelly,Mendoza,debrasweeney@example.org
12,Randy,Walton,sarahbell@example.org
13,Bruce,Young,qroberson@example.org
14,Lisa,Walker,davidsweeney@example.net
15,Damon,Gibbs,jwest@example.org
16,Joanna,Aguirre,jeremy23@example.net
17,Gabriel,Perry,stephenmason@example.com
18,William,Howard,edwardrose@example.com
19,Lauren,Martin,igonzalez@example.org
20,Nathan,Hoffman,alvaradocharles@example.net
21,Jeff,Johnson,dthompson@example.com
22,Amber,Fuller,roger99@example.org
23,James,Griffith,robert97@example.net
24,Mary,Schmidt,holtkenneth@example.org
25,Nathaniel,Abbott,laurenlewis@example.org
26,Jared,Williams,floydhenry@example.net
27,Brandon,Garcia,samanthabailey@example.com
28,Paul,Hurley,dorothylindsey@example.net
29,Amber,Cole,blackwellkathleen@example.org
30,Tracy,Perry,lauren98@example.com
31,Gregory,Alvarez,dean80@example.net
32,Angela,Moore,richard51@example.org
33,Jeremy,Booker,baileyjade@example.net
34,Mark,Keith,daniel10@example.org
35,Jonathan,Robinson,hcarlson@example.net
36,Heather,Frazier,estradaashley@example.com
37,Toni,Mcgrath,boothpatrick@example.net
38,Robert,Howell,samanthawilson@example.com
39,Clinton,Davis,jeff11@example.net
40,Harold,Carrillo,dpaul@example.org
41,Richard,Price,pamela52@example.org
42,Miranda,Hays,erikawilliamson@example.net
43,Elijah,Freeman,castillochristian@example.org
44,Edward,Garza,amanda59@example.org
45,Jacob,Cohen,bgray@example.com
46,Sarah,Ryan,glasskathy@example.org
47,Christina,Jones,milesangela@example.com
48,Melvin,Garcia,guzmankristen@example.com
49,Erica,Brown,calvin29@example.org
50,Robert,Bennett,dstephenson@example.org
51,Rose,Bush,morrisluis@example.net
52,Michael,Good,moorematthew@example.net
53,Karen,Wilson,ptapia@example.net
54,Jacob,Middleton,cuevasdavid@example.net
55,Joshua,Smith,victoria44@example.org
56,Ariel,Moore,erinbrown@example.org
57,Nicholas,Gordon,bfleming@example.net
58,Natalie,Ellis,gloverchristopher@example.com
59,Patricia,Newton,qdavis@example.net
60,Penny,Cohen,michael54@example.org
61,Lisa,Holder,cheryl33@example.net
62,Pam,Davis,zacharyrowland@example.org
63,James,Thompson,andersonloretta@example.net
64,Suzanne,Mendez,herreraluis@example.net
65,Christopher,Washington,xhardy@example.org
66,Richard,Scott,petersdenise@example.org
67,Emily,Rodgers,ykelly@example.org
68,Taylor,Rich,hudsonkatelyn@example.net
69,John,Proctor,jessicamoore@example.net
70,Lisa,Brown,lindajimenez@example.net
71,Brian,Hall,mfinley@example.com
72,Raymond,Campos,jennasanders@example.org
73,Drew,Crosby,anita81@example.net
74,Michael,Hill,anthony14@example.com
75,Zachary,Rodgers,lfox@example.com
76,Benjamin,Leonard,david58@example.net
77,Megan,Lopez,chelsea75@example.org
78,Michael,Jimenez,josephjones@example.com
79,Troy,Wright,carolyn53@example.org
80,James,Hunt,tscott@example.net
81,William,Rodriguez,orichardson@example.com
82,James,Nolan,htorres@example.org
83,Matthew,Nguyen,mercergrant@example.com
84,Jill,Carpenter,zperkins@example.com
85,Michael,Phelps,kaylawoods@example.com
86,Morgan,Underwood,thomas80@example.net
87,Michelle,Ford,sheryl78@example.org
88,Samantha,James,melinda87@example.org
89,Ruth,Bartlett,mcbridetimothy@example.org
90,Lisa,Terrell,vcooper@example.org
91,Jason,Roberts,khicks@example.net
92,Heather,Alexander,richardmorgan@example.com
93,Alexandra,Shea,kathleencoleman@example.org
94,Angela,Torres,wpace@example.net
95,Annette,Atkinson,rioseric@example.net
96,Sonya,Jones,robertsnathaniel@example.com
97,Kyle,Brown,mooredavid@example.net
98,Jose,Smith,cordovalindsey@example.org
99,Kristen,Hicks,rebeccajohnson@example.org
100,Daniel,Ho,rsmith@example.net
101,Morgan,Perry,tracy52@example.net
102,Dominique,Kim,hubbardamanda@example.com
103,Wesley,Hernandez,turnerkatherine@example.com
104,Melinda,Lopez,scott59@example.org
105,Brandi,Jackson,bakerdonna@example.net
106,Tamara,Gilbert,david90@example.org
107,Ryan,Johnston,theresahill@example.org
108,Jeremy,Martin,lisa98@example.com
109,Michael,Roberts,hollowaykathy@example.org
110,Lori,Hicks,kdunlap@example.org
111,Ashley,Marshall,keithcombs@example.org
112,Gregory,Williams,gary49@example.org
113,Steven,Smith,isaacsmith@example.com
114,Jim,Brown,sanchezjohn@example.net
115,Beth,Hicks,lynnruiz@example.org
116,Aaron,May,tylerkent@example.net
117,Heather,Alvarado,aguilaramber@example.net
118,Emily,Mendez,david06@example.net
119,Vicki,Fisher,lopezmichael@example.net
120,Keith,Rivera,kimberly61@example.org
121,Michelle,Stanley,yhanson@example.org
122,Isaiah,Chen,masonreid@example.org
123,Brent,Henry,taylorpeterson@example.org
124,Vanessa,Cox,palmertammie@example.com
125,Robert,Patterson,dianechoi@example.com
126,Todd,Beck,aprilbrown@example.com
127,Hannah,Sanchez,lynchmia@example.org
128,Daniel,West,stevensconnie@example.net
129,Adrian,Cabrera,josepherickson@example.net
130,Melissa,Henry,shernandez@example.org
131,Douglas,Montgomery,whitemary@example.org
132,Jessica,Garcia,jodihall@example.org
133,Jonathan,Chavez,robert50@example.net
134,Matthew,Sparks,garzakathy@example.org
135,Stacie,Clark,xstokes@example.com
136,Joseph,Rojas,victorsimpson@example.net
137,Adam,Johnson,evansdiane@example.com
138,Joseph,Meadows,james04@example.net
139,Ricardo,Soto,wongmichelle@example.com
140,Daniel,Morrison,jason79@example.org
141,Brian,Thompson,ffischer@example.net
142,Brandon,Singleton,ewood@example.com
143,Linda,Brown,amanda90@example.com
144,Michael,Boone,susansherman@example.net
145,Tonya,Bell,nelsonjohn@example.net
146,Richard,Robinson,joannrogers@example.net
147,Raymond,Johnson,wmercer@example.net
148,Robert,Gould,jennifer86@example.org
149,Angel,Santos,andersentiffany@example.org
150,Melanie,Jones,handerson@example.net
151,Tara,Jones,coxcatherine@example.org
152,Nicole,Kelly,dana73@example.net
153,Christopher,Fox,javier69@example.net
154,Kevin,Elliott,houstonmatthew@example.org
155,Roberto,Hensley,fwilliams@example.net
156,Mitchell,Briggs,hutchinsonana@example.org
157,Matthew,Jacobs,gibbspamela@example.com
158,Amy,Duncan,velezjocelyn@example.net
159,Julia,Gregory,kara19@example.net
160,Leah,Fischer,johnsonadam@example.net
161,Mary,Perez,pamela78@example.com
162,Roger,Walker,david46@example.net
163,Charles,Patel,ewhite@example.net
164,Eric,Gill,pdawson@example.net
165,Stephen,Roth,torresamanda@example.net
166,Jason,Gallegos,andrew03@example.net
167,Michelle,Diaz,operry@example.org
168,Joshua,Ramirez,scott20@example.com
169,Andrea,Flores,sandraevans@example.org
170,Megan,Wolf,timothyherman@example.org
171,Karen,Bowers,tlawson@example.org
172,Susan,Hayes,usmith@example.com
173,Amber,Powers,mrosario@example.net
174,Melanie,Foster,hreid@example.org
175,James,Ford,amanda68@example.org
176,David,Roth,patriciawood@example.com
177,Chris,Smith,rjenkins@example.org
178,James,Sharp,alisha44@example.org
179,Wayne,Williamson,laurie14@example.net
180,Jared,Long,linda31@example.net
181,James,Thomas,samuel57@example.org
182,Gina,Kennedy,keith23@example.net
183,Shawn,Adams,bwood@example.org
184,Tara,Robertson,roberthall@example.net
185,Rebecca,Jones,matthewwolfe@example.net
186,Steven,George,annewhite@example.com
187,Deanna,Johnson,melissa71@example.org
188,John,Lopez,karenblack@example.net
189,Cheryl,Smith,bjoyce@example.com
190,Jeremy,Bridges,sylvia75@example.com
191,Theresa,Adams,brittney80@example.net
192,Heather,Carey,nicole75@example.org
193,Robert,Ramirez,helengregory@example.org
194,Rebecca,Miles,katherinephelps@example.net
195,David,Noble,nicholemoss@example.org
196,Pamela,Mitchell,olsonbrooke@example.org
197,Rachel,Hill,smithcynthia@example.net
198,Laura,Dunn,wbates@example.org
199,Timothy,Ferguson,mthompson@example.com
200,Joseph,Smith,brandtrachel@example.com
201,Monica,Evans,aliciajensen@example.org
202,Michael,Christensen,qortega@example.com
203,Donald,Jones,tammygarcia@example.net
204,Michael,Cooper,robertswanson@example.org
205,Tanner,Glass,barbaraclark@example.com
206,Anthony,Howard,bishopsarah@example.com
207,Stephen,Park,jonathancarter@example.org
208,Nicole,Lane,kristinrhodes@example.org
209,Lisa,Bennett,angelahayes@example.com
210,Emily,Wright,brittany55@example.org
211,Diana,Roy,nelsonryan@example.org
212,Joseph,Hutchinson,kellerrobert@example.com
213,Paul,Payne,markhowell@example.org
214,Stephanie,Brown,rcarroll@example.org
215,Elizabeth,Wiggins,xhoward@example.net
216,Jason,Green,andrew39@example.net
217,Ashley,Jones,susanwright@example.net
218,Christopher,Lloyd,vdavenport@example.org
219,Edward,Elliott,melissahutchinson@example.com
220,Daniel,Martinez,michael50@example.org
221,Eric,Wilkins,shamilton@example.com
222,Erik,Noble,brennandeborah@example.net
223,Sharon,Nelson,jenna75@example.org
224,Sara,Curry,cnguyen@example.net
225,Lisa,Johnson,annmurphy@example.org
226,Melissa,Nguyen,mirandaestrada@example.com
227,Evelyn,Grant,brian94@example.org
228,Susan,Long,flewis@example.org
229,Joe,Terrell,rickywhite@example.net
230,Robert,Harding,ericwilliams@example.org
231,Peggy,Riggs,vpeters@example.org
232,Adam,Ortiz,suzannekelly@example.org
233,Melissa,Davis,brianball@example.net
234,Laurie,Chapman,luishurley@example.com
235,Brendan,Bishop,wtaylor@example.com
236,Rachel,Hansen,jamesedwards@example.org
237,Sarah,Lewis,phawkins@example.org
238,Suzanne,Anderson,zbeck@example.org
239,Sean,Turner,dennismichael@example.org
240,Shari,Hall,richardsgerald@example.com
241,Scott,Moore,chelsearodgers@example.com
242,Steven,Ellison,fross@example.org
243,Christopher,Alexander,rmurphy@example.net
244,Jennifer,Sanchez,cindyharvey@example.org
245,Savannah,Hammond,james51@example.net
246,Madison,Martin,rachelcohen@example.net
247,Gregory,Sanchez,garrettlarson@example.com
248,Scott,Taylor,washingtonrichard@example.net
249,Brittany,Brown,briggsmelanie@example.net
250,Lauren,Moreno,davisbrian@example.org
251,Alyssa,Yates,susanadams@example.org
252,Jordan,Rodgers,mvaughn@example.com
253,Steven,Young,clayton76@example.org
254,Lauren,Wilkins,michael45@example.com
255,Robert,Cummings,tracyharper@example.com
256,Christine,Meyers,kaylaolsen@example.org
257,James,Cannon,barbararose@example.com
258,Julie,Turner,rrobertson@example.com
259,Brenda,Kelly,ashleycarroll@example.org
260,Michael,Rush,dawneverett@example.net
261,Amanda,Adams,mperez@example.org
262,Tyler,Freeman,josephadkins@example.net
263,Jeanette,Daniels,susan05@example.com
264,Trevor,Jones,icantrell@example.com
265,Kristin,Moreno,jwaters@example.com
266,Cassandra,Torres,markmcknight@example.org
267,Kim,Smith,kenneth13@example.com
268,Melissa,Hall,grace74@example.net
269,Shawn,Rios,nicolesingleton@example.com
270,Benjamin,Anderson,william13@example.com
271,Nicholas,Wallace,thompsonmonique@example.net
272,Daniel,Ward,bmarsh@example.net
273,Juan,Knight,jordantorres@example.com
274,Amanda,Mitchell,lthompson@example.org
275,Megan,Brown,patriciacarlson@example.org
276,Andre,Barnes,lward@example.com
277,Caleb,King,gregory64@example.com
278,Michael,Solis,michaelhess@example.com
279,Michael,Jensen,oliviadixon@example.com
280,Michelle,Cuevas,cpeterson@example.com
281,Ryan,Martin,smithmarissa@example.org
282,Kristen,Ray,joseph04@example.org
283,Deborah,Johnson,rodney94@example.net
284,James,Anderson,davidhenderson@example.net
285,Anna,Lee,ihill@example.com
286,Katherine,Jones,fwest@example.com
287,Casey,Walker,ktaylor@example.org
288,Jasmine,Watson,aaron04@example.org
289,Tina,Bates,joshuagonzalez@example.org
290,Anne,Miller,traviscarter@example.org
291,Richard,Cross,jonessandra@example.net
292,Andrew,Ingram,simmonskyle@example.com
293,Leon,Johnson,kbeltran@example.org
294,Sara,Shea,thomascosta@example.org
295,Michael,Garrett,linda30@example.com
296,Nicholas,Castillo,kjohnson@example.net
297,Sara,Thomas,davidschwartz@example.net
298,Lisa,Robinson,grossmonica@example.net
299,Nathaniel,Fisher,patrickmaynard@example.org
300,Joanne,Ortiz,samantha99@example.net
301,Beth,Martin,jessica39@example.org
302,Joseph,Romero,meganwalker@example.com
303,Jennifer,Rogers,perezshari@example.net
304,Sandra,Miller,vibarra@example.org
305,Anthony,Campbell,fanderson@example.com
306,Susan,Reed,robertholt@example.net
307,Barbara,Estrada,jonathanmatthews@example.net
308,Albert,Perry,milleralison@example.org
309,Richard,Cochran,emcdonald@example.net
310,Justin,Yang,sarahgilbert@example.com
311,Jonathan,Kelly,carlosprice@example.com
312,Aaron,Stanley,petershields@example.com
313,Nicholas,Dodson,ibennett@example.net
314,Sandra,English,sean44@example.org
315,Beth,Morgan,mary21@example.net
316,Gina,Jones,paultyler@example.com
317,Victor,Carpenter,lori53@example.net
318,Angela,Chang,donnablack@example.net
319,Terri,Jones,ashleyflores@example.org
320,Reginald,Hernandez,cookkelly@example.com
321,Angela,Tran,qgarcia@example.com
322,Erica,Washington,moorecarol@example.com
323,Marie,Meadows,underwoodanthony@example.org
324,Margaret,Jackson,khouston@example.org
325,Jennifer,Terry,patricia34@example.net
326,Richard,Reed,bjohnson@example.com
327,Jennifer,King,jeremiahvazquez@example.com
328,Erin,Lewis,edwardchandler@example.com
329,Crystal,Campbell,whiteshelly@example.org
330,Penny,Shelton,robertcase@example.net
331,Travis,Patel,mooreshawn@example.com
332,Christine,Brooks,ksloan@example.org
333,Hector,Moore,linda72@example.org
334,Jonathan,Wilson,andrew65@example.org
335,Michelle,Franklin,jjenkins@example.org
336,Richard,Clark,vsmith@example.net
337,Melissa,Flynn,fitzpatrickmark@example.org
338,Kathryn,Valentine,tanya83@example.org
339,William,Chavez,reyesmichael@example.com
340,Dylan,Wilkinson,adamdorsey@example.com
341,Jeffery,Stafford,albertchristensen@example.org
342,Michael,Daniels,emily67@example.org
343,Maria,Patel,feliciarivera@example.com
344,Peter,Wallace,natalie39@example.org
345,Kimberly,Armstrong,petersonclaudia@example.org
346,Stephanie,Myers,tperkins@example.org
347,Shane,Zimmerman,johnsonnathan@example.org
348,Melinda,Oliver,taylormicheal@example.com
349,Rebecca,Smith,danieljones@example.com
350,Misty,Patterson,sarahschmidt@example.net
351,Randy,Taylor,paul35@example.org
352,Nicole,Burns,tonychambers@example.net
353,Jacqueline,Davis,dharris@example.org
354,Lauren,Long,darylmiller@example.com
355,Mike,Pierce,joseph87@example.net
356,Dana,Anderson,anthony50@example.com
357,Kyle,Blake,gravesjeffery@example.net
358,Danielle,Barajas,akemp@example.net
359,Bryan,Bryant,weaverbobby@example.org
360,Mark,Ramirez,floresmegan@example.net
361,Kaitlyn,Krueger,lbarber@example.net
362,Stephen,Alexander,karen33@example.com
363,Kevin,Flores,michaeldavis@example.net
364,Paula,Murray,sharon55@example.org
365,Reginald,Parker,wrightnicholas@example.net
366,Jennifer,Joyce,rodneyenglish@example.net
367,Breanna,Braun,whiteheadmelanie@example.org
368,Carla,Crawford,edwardlewis@example.net
369,Cynthia,Gonzales,kevinclark@example.com
370,Dustin,Hill,ivargas@example.org
371,Connor,Davis,krystalrios@example.com
372,Sharon,Bailey,gonzalezrandy@example.org
373,Gerald,Thompson,debraanderson@example.net
374,Thomas,Brown,joel61@example.com
375,Pamela,Perez,jorgehodges@example.net
376,Ronald,Porter,wadepamela@example.com
377,Patricia,James,rickychaney@example.net
378,James,Clements,edward26@example.org
379,Donna,Woods,brittneydennis@example.net
380,Robert,Martinez,gburke@example.net
381,Todd,Moore,pstewart@example.net
382,James,Hart,xrivers@example.com
383,Steven,Ochoa,christopher11@example.com
384,Willie,Williams,underwoodcharles@example.org
385,Stephanie,Perez,jasonevans@example.org
386,Bryan,Moore,williamscynthia@example.net
387,Deborah,Saunders,ojimenez@example.net
388,Nicole,Molina,eric40@example.org
389,Laura,Dyer,hdeleon@example.com
390,Michael,Lynch,jesserodriguez@example.net
391,Elizabeth,Williams,nicole96@example.com
392,Gina,Ray,darlenewalker@example.org
393,Jenna,Lambert,sergiojones@example.org
394,Chad,Benson,dianerivera@example.org
395,Brian,Gomez,norma19@example.net
396,Cody,Kelley,jeffreydoyle@example.net
397,Kim,Johnson,danny33@example.net
398,Courtney,Walsh,lanejoshua@example.org
399,Lucas,Le,andrea20@example.net
400,Brandi,Anderson,jerry01@example.net
401,Savannah,Powers,lphillips@example.net
402,Melinda,Willis,williamsmaria@example.net
403,Adriana,Freeman,josephleonard@example.org
404,Joseph,Mcdowell,zwilliams@example.org
405,Andrew,Norton,kimmary@example.com
406,Victoria,West,dixonmadison@example.com
407,Andrew,Hunter,esmith@example.org
408,Carla,Harrison,jenna16@example.net
409,Stephanie,Brown,kyle45@example.org
410,Theresa,Ramirez,robert16@example.org
411,Mary,Savage,kristy04@example.org
412,Richard,Diaz,geoffreybradshaw@example.com
413,Thomas,Parker,malvarado@example.org
414,Amy,Best,hherman@example.org
415,Jason,Spears,christygraham@example.org
416,Mary,Hogan,edward53@example.org
417,Alan,Martinez,jennifertucker@example.com
418,Dustin,Smith,ronaldgraham@example.com
419,Samantha,Saunders,zharper@example.org
420,Kelly,Gomez,kimberlymaynard@example.org
421,Michael,Swanson,allen12@example.com
422,Misty,Smith,patrick63@example.org
423,Chris,Guzman,ericakoch@example.com
424,Jaime,Scott,johnathan20@example.net
425,David,James,carolyngonzales@example.org
426,Lisa,Ross,fvincent@example.net
427,Andrew,Smith,jessicasmith@example.org
428,Christy,Mooney,juanjohnston@example.net
429,Shannon,Wagner,tnguyen@example.org
430,Morgan,Ramirez,rebecca92@example.org
431,Ruth,Stark,frodriguez@example.org
432,Micheal,Lopez,chad21@example.net
433,Kelly,Lewis,whitneyrice@example.org
434,Nathan,Caldwell,elliottalexis@example.net
435,Justin,Bradshaw,shawnrobbins@example.org
436,Matthew,Gomez,ehorton@example.org
437,Timothy,Foster,elizabeth15@example.net
438,Bryan,Thompson,gatestimothy@example.net
439,Michael,Scott,maria99@example.org
440,Jason,Lee,drivera@example.org
441,Joseph,Phillips,noah94@example.net
442,James,Cochran,rogertate@example.com
443,Michael,Herrera,ana74@example.net
444,Angela,Jones,adickson@example.com
445,Bryan,Carrillo,qchen@example.org
446,Margaret,Davis,georgestephen@example.net
447,Janet,Bishop,sarah56@example.net
448,Andrea,Leach,maddoxchristopher@example.com
449,Erica,Alexander,taylorrebecca@example.net
450,Cassie,Valdez,xherrera@example.net
451,Jessica,Castro,dhall@example.net
452,Scott,Perez,glennmason@example.net
453,Maria,Green,cmerritt@example.net
454,Nicholas,Cole,eburton@example.net
455,Mark,Frederick,vfowler@example.com
456,Ronald,Griffin,parrishmatthew@example.org
457,Ryan,Smith,wknox@example.net
458,Rachel,Nguyen,shawnhaas@example.net
459,Melissa,Wright,smcclure@example.org
460,Xavier,Jackson,brian08@example.org
461,William,Baker,johnsonjessica@example.org
462,John,Ward,dana45@example.com
463,Austin,Duran,ernestrangel@example.org
464,Natasha,Castillo,sandersmelissa@example.org
465,Maria,Cox,jared90@example.net
466,Richard,Shah,zbonilla@example.org
467,Darren,Le,matthew62@example.com
468,Kimberly,Rangel,johnfernandez@example.org
469,Julia,King,smithsharon@example.org
470,Amanda,Rogers,ncervantes@example.net
471,Amy,Andrews,olivia73@example.com
472,James,Rocha,megan61@example.net
473,Alyssa,Wagner,halldana@example.net
474,Anthony,Sparks,youngnicole@example.com
475,Sarah,Escobar,taylorlowe@example.net
476,Larry,Thomas,wattstina@example.org
477,John,Morgan,wayne42@example.org
478,Riley,Ellison,dyerjennifer@example.net
479,Christopher,Walsh,elijah78@example.com
480,John,Little,jenniferdunlap@example.org
481,Sue,White,evan29@example.org
482,Andrea,Smith,carlcarter@example.com
483,Jessica,Fields,cheryl28@example.com
484,Jennifer,Hunt,moralesanthony@example.com
485,Paula,Dickerson,morgan16@example.com
486,Brent,Lawson,mprice@example.com
487,Ashley,Wade,bradshawrobert@example.net
488,Russell,Sutton,chad68@example.net
489,Kara,Ellis,todd63@example.org
490,Heather,Pugh,woodelizabeth@example.com
491,Richard,Rodriguez,ethan55@example.com
492,Eric,Wong,christopher93@example.com
493,Joseph,Alvarez,joshualeonard@example.com
494,Javier,Smith,phillip54@example.org
495,Kyle,Bell,obrienpatricia@example.com
496,Jaime,Pruitt,nelsonrobert@example.org
497,Brenda,King,hardyrichard@example.org
498,Danny,Hall,jasonfox@example.org
499,Dylan,Johnson,latkins@example.org
500,Jonathan,Compton,torresmatthew@example.net
501,Nicole,Rodriguez,tonyochoa@example.org
502,Jack,Martinez,taguilar@example.org
503,Lisa,Phillips,kyle21@example.net
504,Blake,Cruz,kevin51@example.com
505,Dale,Mckee,poncebob@example.net
506,Kenneth,Chandler,dylanholmes@example.net
507,Kimberly,Perry,andersonbonnie@example.org
508,Rachel,White,hermanwendy@example.net
509,Patrick,Gibson,sarahgrant@example.org
510,Bailey,Henderson,adam97@example.net
511,Jessica,Campbell,ruthwalker@example.com
512,Shelley,Franklin,nhunt@example.net
513,Belinda,Soto,jonathansherman@example.net
514,Jerry,Crawford,emilygrant@example.net
515,Victor,Allen,hicksleonard@example.com
516,Anthony,Robinson,jeremiah55@example.org
517,Daniel,Perkins,tgonzales@example.net
518,Tina,Russell,patricia25@example.org
519,Isaac,Brown,tylerowens@example.org
520,Peter,West,qnelson@example.com
521,Ryan,Oneill,patriciawalker@example.com
522,Donald,Cook,dbrown@example.com
523,Dakota,Powell,brooksjustin@example.com
524,Alexis,Mora,obennett@example.net
525,Ernest,Ramirez,kimberlykent@example.com
526,Michelle,Russo,lisapatterson@example.org
527,Tricia,Duncan,brandttracy@example.net
528,Michael,Perez,bennettcandice@example.org
529,Rachel,Wilson,masoncameron@example.net
530,Jessica,Griffin,matthewgriffin@example.net
531,Heather,Blackwell,vanessamorrison@example.com
532,Mark,Reid,rodriguezcheryl@example.com
533,Donna,Jackson,crios@example.com
534,Kelly,Patton,deborahparks@example.org
535,Gabriel,Whitaker,michael15@example.com
536,Kristen,Foster,connormoore@example.org
537,Jeffrey,Long,jennifer17@example.net
538,David,Cook,nelsonregina@example.org
539,Anthony,Lee,jshaw@example.org
540,Tristan,Barrera,iwashington@example.org
541,Benjamin,Perez,smithcaroline@example.net
542,Donna,Harris,jeffreywood@example.net
543,Kimberly,Martinez,margaret72@example.com
544,Aaron,Thomas,meganbaker@example.org
545,Frances,Alvarez,waltonjason@example.net
546,Tina,Hines,baileychristina@example.net
547,Paula,Macias,amanda38@example.com
548,Gary,Thompson,cmerritt@example.com
549,Michael,Thompson,gregorymiller@example.com
550,Lisa,Berger,mitchelltara@example.org
551,Debra,Sandoval,bradleymiles@example.com
552,Katherine,Young,wendycastro@example.org
553,Patrick,Jackson,austin02@example.net
554,Alex,Estrada,billy06@example.org
555,Stephen,Lynch,brooksmichael@example.com
556,Alexandra,Brooks,domingueztheresa@example.net
557,Christopher,Brown,rmartinez@example.org
558,Robert,Ford,arthurcraig@example.net
559,Willie,Hinton,aaroncline@example.org
560,Melanie,Christian,jennamacias@example.net
561,William,Brown,christophermoore@example.com
562,Alexandra,King,yolandamartinez@example.org
563,Hailey,Weaver,robert16@example.org
564,Kristen,Williams,scott39@example.net
565,Donald,Miller,drobinson@example.org
566,Kari,Schneider,lcherry@example.net
567,Zachary,Lynn,wigginsbrittany@example.org
568,Amber,Grant,maxwellamy@example.org
569,Jennifer,Gibbs,bondkristine@example.org
570,Shane,Moreno,whitneybrown@example.net
571,Gary,Randall,april04@example.com
572,Brandon,Davis,kaitlyncaldwell@example.net
573,Melissa,Holland,xmorgan@example.org
574,Stephanie,Brown,imoore@example.net
575,Jeremy,Hubbard,michellesmith@example.com
576,Mark,Bennett,justinscott@example.net
577,Denise,Farmer,johnschmitt@example.com
578,Abigail,Wells,forddavid@example.net
579,Robert,Bond,lsoto@example.org
580,Donald,Obrien,xgilbert@example.net
581,Sheila,Richards,steven60@example.com
582,John,Alvarez,james60@example.com
583,Joann,Hernandez,qbest@example.net
584,Alex,Campbell,kevin79@example.com
585,Carly,Lawson,rogerscarol@example.org
586,Dylan,Henson,james77@example.net
587,Jamie,Wheeler,riosdenise@example.com
588,Eric,Carter,jenniferwells@example.org
589,Dana,Rodgers,hutchinsonlinda@example.org
590,Victoria,Gillespie,elizabethguzman@example.com
591,Monica,Ayala,douglaskeith@example.com
592,Jose,Peterson,cordovabarbara@example.org
593,Andrew,Reed,sullivantiffany@example.net
594,Christine,Graham,murphysarah@example.org
595,Michael,Sanchez,qreed@example.org
596,Kathryn,Andrews,imoody@example.org
597,Renee,Myers,javiermcmillan@example.net
598,Patrick,Medina,michele74@example.org
599,Laurie,Nguyen,corey99@example.org
600,Kimberly,Waller,martinheather@example.net
601,Luis,Shepherd,jasonpitts@example.org
602,Margaret,Cummings,cabreradustin@example.com
603,James,Salinas,ryan81@example.com
604,Jessica,Castro,smithsteven@example.org
605,Deanna,Castaneda,brownjuan@example.com
606,Jessica,Thompson,michaelvasquez@example.net
607,Julie,Holmes,martinezdebbie@example.net
608,Larry,Knox,allen11@example.com
609,Alexandra,Benson,alyssathompson@example.net
610,William,Cooper,lbriggs@example.org
611,Patrick,Russell,raymond98@example.com
612,Alan,Adams,alexanderjessica@example.org
613,Aaron,Hanson,joshua69@example.com
614,Michael,Miller,daniellemiller@example.org
615,Eric,Garcia,newmanmichael@example.net
616,Austin,Wagner,qyork@example.net
617,Rebecca,Smith,williamsellers@example.net
618,April,Hernandez,garymorris@example.net
619,Shelby,Wright,lisanelson@example.com
620,Lori,Edwards,pthomas@example.org
621,Steven,Miranda,allenmichelle@example.net
622,Nicole,Jones,ramirezjames@example.net
623,Amanda,King,jennifer58@example.com
624,Jesus,Jackson,burchmichael@example.net
625,Steven,Curtis,melissa63@example.com
626,Samantha,Morris,fgonzalez@example.org
627,Marilyn,Parker,scott29@example.com
628,Jerry,Smith,johnsonerica@example.com
629,Courtney,Miller,tbartlett@example.net
630,Elizabeth,Parks,susangardner@example.com
631,Stephanie,Barnett,sawyerdavid@example.org
632,Alejandro,Thornton,jamiepotts@example.org
633,Philip,Phillips,drice@example.net
634,Breanna,Lawson,christopher72@example.org
635,Phillip,Mccoy,boothjames@example.net
636,Christian,Knapp,zperry@example.com
637,Allen,Robinson,ayersdavid@example.com
638,Christopher,Jones,vmoreno@example.org
639,Tyler,Erickson,jobrien@example.org
640,Leonard,Gibson,debrachandler@example.org
641,Sarah,Decker,cwalker@example.org
642,Jeanne,Snyder,medinanicholas@example.com
643,Stephanie,Lynn,nray@example.org
644,Mark,Frazier,kroy@example.net
645,Tami,White,sharonmoore@example.com
646,Joseph,Nicholson,gregory34@example.net
647,Jason,Richardson,spayne@example.org
648,Savannah,Williams,zachary07@example.com
649,Thomas,Jones,ashley49@example.com
650,Toni,Lozano,jacksonpaul@example.org
651,Jessica,Smith,wallison@example.org
652,Alvin,Black,amberwilliams@example.net
653,Benjamin,Gallegos,mccarthycharles@example.org
654,Jessica,Stephenson,ebullock@example.org
655,Timothy,Garcia,joseph93@example.net
656,Megan,Norman,tracystanley@example.org
657,Michelle,Howard,mary74@example.com
658,Roy,Nelson,lrodriguez@example.org
659,Michael,Knight,vflores@example.com
660,Jack,Bryant,leeelizabeth@example.org
661,Deanna,Erickson,charles67@example.com
662,Heather,Martin,tanneranthony@example.com
663,Christopher,Reynolds,ariascrystal@example.org
664,Eugene,Padilla,corey47@example.org
665,Robert,Gordon,oadams@example.com
666,Kelly,Wiley,brandon43@example.com
667,Kristin,Herman,fisherjessica@example.com
668,Samantha,Meadows,ericmccullough@example.org
669,Kirsten,Strickland,bradleyjimmy@example.org
670,Charles,Maxwell,deleoncatherine@example.net
671,Marcus,Ramsey,delgadokelly@example.com
672,Shawn,Griffin,stefaniealvarado@example.org
673,Terri,Wright,williamsleslie@example.com
674,Kelly,Kelly,perezvicki@example.com
675,Andrew,Garcia,allison53@example.net
676,Autumn,Davis,joshua01@example.com
677,Ashley,Gardner,kenneth01@example.net
678,Mark,Robbins,nicholasdavis@example.com
679,Rebecca,Padilla,michael41@example.net
680,Carmen,Spencer,scott83@example.com
681,Robin,Garcia,ujames@example.net
682,John,Torres,johnyork@example.org
683,Kathleen,Green,susanadkins@example.net
684,Dustin,Howell,april00@example.org
685,Elizabeth,Spears,petersonsteven@example.net
686,Sarah,Smith,mary50@example.net
687,Robert,Garcia,craig09@example.com
688,Samantha,Hernandez,fstein@example.com
689,April,King,erin36@example.net
690,Ryan,Johnson,awallace@example.net
691,Elizabeth,Moore,crystal43@example.org
692,James,Mccarthy,wcarter@example.org
693,Sabrina,Walton,kaylacole@example.net
694,Jon,Perry,carriecampbell@example.com
695,Karen,Bishop,petersoncheryl@example.com
696,Russell,Smith,janderson@example.net
697,Andrea,Jackson,rossamber@example.com
698,Elizabeth,Erickson,crystalfrazier@example.net
699,Adam,Moore,morenoderrick@example.com
700,Janet,Brooks,larryjohnson@example.net
701,Ashley,Ward,hansentammy@example.net
702,Michael,Mckee,james49@example.org
703,Scott,Evans,gyoder@example.org
704,Cindy,Lin,sarahfoster@example.net
705,Sean,Carr,tarachavez@example.com
706,Emily,Barnes,smithrachel@example.net
707,Kevin,Winters,christophercross@example.net
708,Jorge,Hall,caitlinknight@example.net
709,Thomas,Lloyd,pwall@example.com
710,Marvin,Carter,shawn97@example.org
711,Tiffany,Sanchez,robinsonmark@example.net
712,Hannah,Miller,kayla69@example.org
713,Jason,Green,alexandra80@example.net
714,Jennifer,Roberts,kramsey@example.net
715,Nicholas,Williams,jonesmary@example.com
716,Robert,Schwartz,richardsonkristie@example.net
717,Max,Patel,bthomas@example.com
718,James,Ward,callahanjoseph@example.org
719,Lisa,Martin,juliereese@example.net
720,Haley,Miller,kristen77@example.net
721,Ashley,Peterson,belljessica@example.com
722,Richard,Perkins,wesley35@example.org
723,James,Walker,hsnyder@example.net
724,Bradley,Austin,lisarichardson@example.com
725,Michael,Miller,cathylopez@example.net
726,Allen,Russell,amanda92@example.net
727,Laura,Braun,amybarnes@example.net
728,Isabel,Scott,harveypamela@example.net
729,Anthony,Hernandez,ameyer@example.com
730,Ashley,Warren,yknapp@example.net
731,Julie,Watson,karagibson@example.com
732,John,Henderson,stevenli@example.net
733,Angel,Warren,sharon46@example.com
734,Nichole,Villarreal,donald53@example.org
735,Kenneth,Smith,reevesmark@example.com
736,Rita,Smith,gabriella40@example.net
737,James,Ortega,thomasmurphy@example.com
738,Jessica,Campbell,hmatthews@example.org
739,James,Ferguson,morgan82@example.com
740,Luke,Faulkner,sanchezanthony@example.com
741,Patricia,Sanchez,sherri24@example.net
742,Michelle,Hopkins,angelicarodriguez@example.com
743,Katrina,Johnson,shannon76@example.org
744,Max,Daniels,gouldjerry@example.com
745,Devon,Hall,jordanashlee@example.org
746,Robert,Meadows,benjamin58@example.org
747,Tara,Vance,stuartraymond@example.net
748,Justin,Jackson,adamsrebecca@example.org
749,Richard,Montgomery,jimmyrivas@example.org
750,Amber,Ortiz,ishah@example.net
751,Russell,Luna,zmills@example.net
752,Kim,Wright,jacobguzman@example.com
753,Patricia,Jones,vknox@example.org
754,Gregory,Jones,danielhunter@example.org
755,Jacqueline,Roberts,bentonrenee@example.net
756,Nancy,Mercer,chad65@example.com
757,Kyle,Moore,cgonzalez@example.org
758,Albert,Garcia,pwood@example.org
759,Cassandra,Jones,sarahburns@example.com
760,Jeffrey,Mcguire,cassieroberts@example.org
761,Jonathan,Hudson,marconewton@example.org
762,Nathan,Stone,meagan97@example.org
763,Michael,Krause,brian00@example.org
764,Paige,Murray,tburnett@example.com
765,Jason,Potter,charles52@example.net
766,Bryan,Hartman,jford@example.com
767,Thomas,Costa,jamesbrown@example.org
768,Joy,Wagner,bobrien@example.org
769,Edwin,Collins,wolfepaula@example.net
770,Patricia,Martinez,guerrakatherine@example.org
771,Timothy,Buchanan,alexisholder@example.org
772,Jason,Robinson,belltanya@example.org
773,Jordan,Kelley,westjohn@example.com
774,Erica,Alexander,wilcoxcarlos@example.org
775,Rebecca,Wilson,alejandrosmith@example.net
776,Michael,Goodwin,yvonne24@example.net
777,Alyssa,Cole,justin45@example.org
778,Cameron,Williams,jessica08@example.org
779,James,Hatfield,bryan69@example.net
780,Cheryl,Parker,juliemiller@example.org
781,Haley,Smith,louisjohnson@example.com
782,Lauren,Howard,mcameron@example.org
783,Stephanie,Hicks,matthewmartinez@example.net
784,Daniel,Jordan,lindadavis@example.org
785,Alex,Smith,lynnfoster@example.net
786,Christopher,Cook,erica90@example.net
787,Mark,Vance,tiffany26@example.com
788,Anthony,Andersen,megan79@example.net
789,Katrina,Johnson,mary44@example.org
790,Julia,Nunez,ngrant@example.com
791,Derrick,Edwards,prhodes@example.com
792,Michael,Beltran,williammelendez@example.com
793,Theresa,Shaffer,robertvasquez@example.net
794,Richard,Robbins,millerlarry@example.net
795,James,Brown,brendanlee@example.org
796,Richard,Moss,portermegan@example.com
797,Natalie,Perez,eguzman@example.net
798,Cameron,Roy,msingh@example.org
799,Kathleen,Lopez,jamesdarius@example.org
800,Alicia,Nelson,aharrison@example.com
801,Christina,Delgado,bridgetpetty@example.org
802,Ronald,Cannon,tammy98@example.net
803,Lori,Andrade,cbrown@example.net
804,Eric,Campos,christopher95@example.net
805,Patrick,Chan,stephen14@example.com
806,Nicole,Alexander,sally14@example.net
807,Michael,Padilla,mariahpena@example.net
808,Grace,Hughes,rebecca40@example.com
809,Aaron,Savage,millerzachary@example.net
810,Henry,Singh,jennifersilva@example.com
811,Thomas,Alvarado,heidi49@example.net
812,Candace,Carlson,storres@example.net
813,Stacy,Brewer,alexandra69@example.net
814,Sonia,Allen,westerin@example.org
815,James,Gutierrez,ortizcolleen@example.net
816,Howard,Dean,allenjudy@example.com
817,Kristina,Ryan,qtodd@example.net
818,David,Allison,cassandra97@example.org
819,Matthew,Moreno,rodriguezchristopher@example.org
820,Anthony,Lewis,robertsonlaura@example.net
821,Rebecca,Jones,jwilliams@example.org
822,Teresa,Montgomery,woodcynthia@example.net
823,Derrick,Petty,ghernandez@example.net
824,Laura,Stevenson,scott07@example.org
825,Erin,Mcclain,fergusonjason@example.org
826,Teresa,Rose,peter00@example.org
827,Robert,Schneider,benjamin76@example.org
828,Aaron,Castro,mark18@example.com
829,Laura,Estrada,wyattdowns@example.net
830,Linda,Davis,hamiltondevon@example.com
831,Joanne,Moran,xcampbell@example.com
832,Aaron,Dougherty,dwhite@example.com
833,Joshua,Smith,tatecynthia@example.com
834,Samantha,Miller,brian10@example.net
835,Michael,Martinez,kturner@example.org
836,Benjamin,Davis,lburgess@example.net
837,Adam,Carroll,timothy53@example.org
838,Gregory,Moore,markhays@example.org
839,Matthew,Morgan,jennifermiles@example.net
840,Cody,Dawson,abigail03@example.net
841,Anthony,Wagner,dixonamy@example.org
842,Kimberly,Mcbride,patrick96@example.net
843,Hannah,Davis,wbruce@example.com
844,Tiffany,Smith,emmacarrillo@example.net
845,Melissa,Flores,toni90@example.org
846,Danny,Anderson,imatthews@example.net
847,Sean,Payne,rogersbrittany@example.org
848,Bradley,Duran,danielhurley@example.org
849,Benjamin,Cooper,wileythomas@example.net
850,Thomas,Hart,littlejoseph@example.net
851,Sheila,Francis,edwardjoseph@example.com
852,Nathaniel,Sandoval,olsendave@example.net
853,Brian,Coffey,georgeteresa@example.net
854,Micheal,Vargas,jeremy57@example.net
855,Erik,Blevins,rodriguezleah@example.net
856,Ronald,Jordan,lisa15@example.org
857,Heather,Pierce,christopherbrooks@example.net
858,Kathy,Bryant,mark13@example.com
859,Michael,Meadows,jsanders@example.net
860,Robert,Dennis,christina88@example.com
861,Amy,Christensen,colechristopher@example.org
862,Robert,Bradley,fwilkins@example.com
863,Debbie,Cunningham,collinsdaniel@example.com
864,Corey,Miller,chad66@example.com
865,Sonya,Carlson,alexandria60@example.com
866,Cody,Clayton,bwalker@example.com
867,Steven,Gross,lisa00@example.net
868,Christina,Miller,bewing@example.com
869,Andrew,Moore,nathan03@example.com
870,Kelly,Flynn,montgomerysteven@example.com
871,Kathleen,Walker,qbrown@example.com
872,Donald,Sanchez,benjaminalvarado@example.net
873,Jorge,Mcclain,sparkswalter@example.org
874,Raymond,Miller,kayla51@example.org
875,Sean,Warren,millerbrett@example.org
876,Timothy,Berg,josephterri@example.net
877,Sheila,Mayo,paul40@example.net
878,Oscar,Underwood,seth35@example.com
879,Alice,Jordan,sharon48@example.com
880,Paul,Schwartz,mathewsjoann@example.net
881,Jason,Reyes,joshuabrown@example.net
882,Antonio,Robertson,nicholas09@example.org
883,Kimberly,Sellers,staffordshawn@example.net
884,Kristen,Davis,karen60@example.org
885,Joseph,Tucker,stephanierogers@example.net
886,Sean,Underwood,sergiowade@example.org
887,Janet,Stephens,mooneylarry@example.org
888,James,Brock,ashleyhensley@example.com
889,Nicole,West,wrodriguez@example.com
890,Mason,Ramirez,michaelellis@example.net
891,Michelle,Ferguson,gutierrezlaura@example.com
892,Michael,Rhodes,johnhall@example.org
893,Mark,Small,melissabrock@example.com
894,Robert,Robinson,geraldramos@example.net
895,Nathan,Martin,wandamccall@example.net
896,Angela,Donaldson,suarezpeggy@example.org
897,Jessica,Hale,mcollins@example.com
898,Nicole,Bates,kristina38@example.net
899,Nathan,Taylor,casey45@example.org
900,Dwayne,Wright,dgarcia@example.net
901,Miranda,Barrett,megan13@example.net
902,William,Davis,soconnor@example.com
903,Joseph,Kidd,ericmiller@example.net
904,Nicholas,Carpenter,monica82@example.org
905,Randy,Galloway,jreed@example.com
906,Linda,Levy,znelson@example.com
907,Mark,Good,michelle87@example.net
908,Thomas,Ortiz,kevin68@example.org
909,Kristina,Reyes,jacobgriffith@example.org
910,William,Davidson,hrobertson@example.net
911,Brandy,Rivera,powerssteven@example.com
912,Shannon,Smith,davidsonwendy@example.net
913,Steve,Rogers,fieldscindy@example.org
914,Mitchell,Wilson,stacey72@example.com
915,Daniel,Preston,kgray@example.com
916,Jessica,Cunningham,gcurtis@example.net
917,Andre,Stewart,nramsey@example.net
918,Lisa,Mathews,williamstiffany@example.com
919,Vincent,Rice,anthony07@example.net
920,Tiffany,Hale,bruce91@example.org
921,Mark,Wolfe,williamramirez@example.net
922,Alyssa,Evans,ureed@example.com
923,April,Palmer,hamiltonrichard@example.org
924,Tyler,Neal,zacharyperez@example.net
925,Shane,Hendricks,philip20@example.net
926,Nicholas,Clark,vsweeney@example.com
927,Donald,Smith,cameron53@example.com
928,April,Strong,deborahshannon@example.net
929,Anthony,Reed,tonyaclark@example.org
930,Joann,Castaneda,brandonnixon@example.org
931,Sean,Taylor,tiffanylane@example.com
932,Peter,Rivera,patrickhawkins@example.com
933,Ariel,Calderon,robert66@example.org
934,Jeremy,Espinoza,wilcoxjacob@example.com
935,William,Parker,glong@example.net
936,John,Benton,evanorr@example.org
937,Jason,Harris,qscott@example.org
938,Mindy,Oliver,jessicawilliams@example.org
939,Danielle,Torres,parsonsmargaret@example.com
940,Paul,Fuentes,bellpatrick@example.net
941,Mark,Martinez,kimberlyhill@example.org
942,Russell,Clark,luis61@example.net
943,Kim,Wilson,zmccall@example.net
944,Garrett,Morales,gkelly@example.org
945,Diane,Woods,mullinsveronica@example.net
946,Michelle,Little,pserrano@example.org
947,Dana,Harper,robinsondana@example.com
948,Sheila,Silva,xfox@example.org
949,Gregory,Navarro,tyleradams@example.org
950,Alison,Edwards,saguilar@example.org
951,Bailey,Hicks,christophersmith@example.com
952,Aaron,Medina,andreabrown@example.net
953,Emily,Kennedy,paulchang@example.com
954,Omar,Heath,jameshughes@example.com
955,Mark,Mcconnell,justin32@example.org
956,Jeffrey,Crawford,carrie39@example.org
957,Victoria,Gonzalez,mcarson@example.org
958,Elizabeth,Riley,kristi67@example.com
959,Daniel,Johnson,scottvazquez@example.com
960,Daniel,Ochoa,heatherbarber@example.net
961,Gregory,Benton,bryan77@example.com
962,Jessica,Little,lwhite@example.com
963,Dominique,Mayer,joe16@example.org
964,Michael,Bennett,aaron18@example.com
965,David,Mcmillan,michael77@example.com
966,John,Collier,agreer@example.net
967,Shelley,Padilla,willie10@example.com
968,Heidi,Carter,jodi93@example.net
969,Erin,Cunningham,benjaminmartinez@example.com
970,Brett,Wood,dustin16@example.com
971,Kelly,Buck,brandon02@example.org
972,Anthony,Hurley,schultzlaura@example.org
973,Shawn,Hernandez,kimberly18@example.org
974,Andrew,Ross,evanskatie@example.org
975,Andre,George,richardsnoah@example.net
976,Hannah,Dorsey,gmoore@example.com
977,Aaron,Williams,dlester@example.com
978,Donald,Smith,woodjonathan@example.org
979,Melissa,Nunez,mario77@example.org
980,Monica,Bell,taylorkimberly@example.org
981,Mia,Nolan,sarahconrad@example.com
982,Alexandra,Moody,sandersjennifer@example.org
983,Richard,Williams,rhutchinson@example.org
984,Ryan,Wiley,frank35@example.org
985,Yesenia,Martin,ymorse@example.net
986,Charles,Lee,pattonheather@example.com
987,Keith,Barnes,heather48@example.org
988,Vanessa,Barnes,chanerika@example.com
989,Abigail,Hughes,atkinsbrian@example.org
990,Shane,Blevins,paulagarza@example.net
991,Kristy,Aguilar,smanning@example.com
992,Margaret,Williams,ewade@example.org
993,Dominique,Kirk,miranda51@example.com
994,Alyssa,Morris,thomasmatthews@example.org
995,Veronica,Mata,madisonbrown@example.com
996,Billy,Boone,dalegordon@example.org
997,Laura,Turner,jeffreycruz@example.org
998,Shaun,Nguyen,alanwalker@example.org
999,Mary,Drake,tina78@example.com
1000,Andrew,Rogers,jjackson@example.com
